"","uid","period"
"1",2701,106
"2",984,210
"3",2988,54
"4",2617,1151
"5",1801,348
"6",1724,223
"7",1667,828
"8",1793,0
"9",1808,0
"10",1791,883
"11",2825,53
"12",2228,135
"13",704,280
"14",2496,159
"15",774,1254
"16",762,1032
"17",1725,302
"18",1622,69
"19",2447,210
"20",1505,280
"21",864,720
"22",1788,0
"23",362,463
"24",869,846
"25",779,735
"26",2638,511
"27",703,917
"28",1796,344
"29",1799,217
"30",1802,0
"31",873,1212
"32",1519,0
"33",1787,351
"34",3362,1147
"35",1804,210
"36",2253,298
"37",2985,307
"38",2230,613
"39",861,1029
"40",1841,55
"41",2777,252
"42",970,113
"43",636,406
"44",377,298
"45",2542,0
"46",2405,0
"47",759,132
"48",1665,1039
"49",874,302
"50",3354,0
"51",2446,300
"52",2375,230
"53",2229,1085
"54",1670,1242
"55",2187,364
"56",2506,94
"57",2537,763
"58",878,834
"59",289,1085
"60",2147,0
"61",617,1058
"62",621,504
"63",337,259
"64",2861,854
"65",3624,0
"66",1429,328
"67",1954,476
"68",1478,285
"69",899,0
"70",1701,1299
"71",2763,774
"72",988,193
"73",2669,0
"74",1512,644
"75",840,478
"76",2616,0
"77",3543,1051
"78",3344,0
"79",2507,707
"80",912,175
"81",1660,0
"82",2510,402
"83",839,1293
"84",262,348
"85",890,354
"86",1484,1056
"87",740,1136
"88",833,602
"89",1895,607
"90",378,556
"91",3338,0
"92",3470,0
"93",2691,0
"94",2529,0
"95",1294,0
"96",689,1091
"97",2814,146
"98",2885,424
"99",416,1192
"100",2535,512
"101",1579,498
"102",3443,0
"103",3437,0
"104",3434,0
"105",2782,385
"106",959,293
"107",2508,169
"108",3243,1
"109",2178,0
"110",2514,148
"111",3242,0
"112",2596,17
"113",2618,0
"114",2990,351
"115",315,791
"116",693,173
"117",696,889
"118",694,0
"119",898,127
"120",333,1129
"121",2002,1
"122",3326,0
"123",2095,0
"124",2093,538
"125",795,559
"126",2987,0
"127",2613,0
"128",2858,0
"129",1272,161
"130",2186,315
"131",381,140
"132",2149,0
"133",2877,609
"134",2150,182
"135",2145,63
"136",357,606
"137",2609,0
"138",946,0
"139",563,552
"140",2621,0
"141",2102,640
"142",2115,1210
"143",835,721
"144",789,104
"145",2016,56
"146",755,300
"147",2705,1106
"148",2500,265
"149",903,913
"150",2260,0
"151",2612,0
"152",318,653
"153",2154,238
"154",2148,0
"155",342,0
"156",628,126
"157",1994,1287
"158",260,110
"159",688,1197
"160",692,76
"161",2107,406
"162",911,133
"163",2325,188
"164",2528,0
"165",2949,385
"166",2544,1057
"167",313,182
"168",931,1233
"169",1611,238
"170",687,0
"171",1381,94
"172",2606,244
"173",842,860
"174",711,1044
"175",2456,957
"176",1690,128
"177",2329,830
"178",913,171
"179",1435,664
"180",264,555
"181",1992,0
"182",1945,145
"183",1260,14
"184",338,0
"185",1277,736
"186",295,119
"187",348,728
"188",1437,0
"189",524,608
"190",1901,5
"191",830,82
"192",546,581
"193",611,1
"194",324,598
"195",1906,0
"196",686,0
"197",375,449
"198",1713,92
"199",695,1008
"200",681,1252
"201",310,0
"202",1341,0
"203",910,68
"204",914,0
"205",808,0
"206",1275,0
"207",1378,0
"208",907,1044
"209",1333,0
"210",180,493
"211",1392,0
"212",284,0
"213",1357,1381
"214",845,53
"215",942,0
"216",999,0
"217",728,0
"218",794,0
"219",539,42
"220",725,0
"221",530,434
"222",727,0
"223",573,11
"224",870,288
"225",2445,652
"226",843,391
"227",427,486
"228",425,382
"229",608,1
"230",609,0
"231",637,0
"232",251,990
"233",5100,196
"234",7378,115
"235",7794,0
"236",5903,182
"237",3730,709
"238",9225,414
"239",2311,336
"240",5477,926
"241",8907,0
"242",8903,0
"243",2308,342
"244",8203,182
"245",8760,0
"246",8763,0
"247",7579,532
"248",8707,83
"249",9290,412
"250",5097,243
"251",8193,91
"252",8949,760
"253",8940,0
"254",5114,327
"255",7797,314
"256",8574,0
"257",5473,546
"258",6451,833
"259",7170,137
"260",6604,288
"261",7554,35
"262",6878,315
"263",7699,706
"264",8995,153
"265",8981,0
"266",7968,303
"267",8713,0
"268",8998,0
"269",8984,0
"270",6660,97
"271",6044,0
"272",4933,869
"273",6147,0
"274",6437,387
"275",7670,0
"276",4874,446
"277",7967,0
"278",8298,133
"279",8130,265
"280",5486,1057
"281",8181,111
"282",7885,0
"283",3212,1098
"284",8732,63
"285",7465,48
"286",8939,0
"287",8257,728
"288",4068,245
"289",8748,0
"290",4573,385
"291",6549,581
"292",7409,0
"293",5723,175
"294",8744,63
"295",5292,0
"296",5102,689
"297",8977,91
"298",7844,0
"299",8975,0
"300",7857,0
"301",7843,0
"302",7964,0
"303",8948,108
"304",8951,385
"305",6840,542
"306",8556,120
"307",6578,561
"308",8588,151
"309",5498,197
"310",4155,283
"311",8792,0
"312",8798,540
"313",8126,518
"314",5475,1039
"315",1795,249
"316",7933,861
"317",5462,392
"318",7983,0
"319",8159,112
"320",8155,0
"321",8794,189
"322",7440,0
"323",3773,513
"324",7451,0
"325",3692,1031
"326",7757,527
"327",7169,353
"328",9250,0
"329",7082,196
"330",8638,90
"331",4643,471
"332",1220,378
"333",5487,318
"334",7936,821
"335",258,0
"336",7702,0
"337",8665,0
"338",1554,0
"339",4902,161
"340",2582,429
"341",7460,0
"342",3633,0
"343",6120,181
"344",7803,98
"345",8194,0
"346",8056,245
"347",3199,211
"348",6408,341
"349",1233,251
"350",7369,168
"351",4900,0
"352",6447,582
"353",2982,481
"354",1256,617
"355",5228,289
"356",4599,201
"357",8237,0
"358",7847,7
"359",8765,66
"360",4844,282
"361",5970,165
"362",5931,295
"363",8014,0
"364",8109,0
"365",5851,350
"366",6942,195
"367",2452,1034
"368",4818,180
"369",6198,0
"370",5923,275
"371",5969,378
"372",4239,365
"373",8438,188
"374",5910,393
"375",6943,92
"376",3985,847
"377",4256,351
"378",6920,195
"379",8102,119
"380",6933,0
"381",5907,372
"382",5971,98
"383",6215,359
"384",8520,0
"385",8507,98
"386",2299,481
"387",4813,749
"388",4397,356
"389",8509,105
"390",5929,680
"391",6505,120
"392",1297,225
"393",6940,371
"394",6948,189
"395",8499,0
"396",8115,105
"397",8517,0
"398",5656,267
"399",6941,273
"400",4809,91
"401",761,1155
"402",7826,59
"403",3978,267
"404",7824,0
"405",7822,0
"406",4292,820
"407",8495,258
"408",2244,918
"409",8928,365
"410",8549,97
"411",7777,0
"412",6934,181
"413",8516,0
"414",8491,259
"415",8527,0
"416",5648,517
"417",6411,189
"418",8780,538
"419",8688,284
"420",8690,0
"421",6923,63
"422",6924,35
"423",6050,901
"424",7944,0
"425",7945,0
"426",7849,0
"427",7845,0
"428",7943,0
"429",7848,0
"430",1224,197
"431",7846,0
"432",3350,959
"433",3810,253
"434",6171,993
"435",4821,381
"436",7351,23
"437",4240,276
"438",4842,769
"439",4252,505
"440",677,862
"441",4249,0
"442",8634,710
"443",8500,658
"444",4814,369
"445",6195,0
"446",8637,377
"447",8644,189
"448",8725,378
"449",7096,91
"450",7641,14
"451",5485,161
"452",8231,356
"453",8467,267
"454",5314,490
"455",4817,755
"456",1699,0
"457",4128,113
"458",8636,0
"459",6444,207
"460",8465,274
"461",6178,0
"462",4246,743
"463",7374,0
"464",3974,917
"465",758,658
"466",8645,0
"467",341,1015
"468",868,802
"469",6562,0
"470",7421,0
"471",7408,0
"472",7467,0
"473",5941,574
"474",7927,689
"475",7877,0
"476",8005,11
"477",7996,0
"478",7515,192
"479",7612,0
"480",7866,2
"481",7317,22
"482",7537,0
"483",5183,273
"484",2513,938
"485",8585,0
"486",7666,896
"487",5195,446
"488",7606,209
"489",8183,0
"490",6020,115
"491",7676,544
"492",7322,741
"493",7540,0
"494",5835,608
"495",4644,1066
"496",7636,7
"497",7549,0
"498",2105,301
"499",7536,182
"500",7319,34
"501",5277,504
"502",5852,476
"503",919,813
"504",7379,0
"505",7931,553
"506",7390,729
"507",7547,119
"508",6439,959
"509",8292,215
"510",3794,0
"511",3898,280
"512",2807,287
"513",7874,0
"514",6179,124
"515",7661,168
"516",5889,126
"517",2819,154
"518",8045,0
"519",5135,239
"520",7033,369
"521",7551,167
"522",4625,629
"523",6387,189
"524",5728,0
"525",5827,0
"526",1269,1224
"527",5878,504
"528",8009,0
"529",7956,931
"530",7871,0
"531",7924,0
"532",6200,770
"533",7919,0
"534",7962,0
"535",7620,0
"536",4823,55
"537",6877,0
"538",6412,302
"539",5005,154
"540",5502,110
"541",2533,78
"542",7177,0
"543",5654,0
"544",7030,5273
"545",5466,127
"546",7748,0
"547",2750,0
"548",7658,0
"549",4730,725
"550",3855,132
"551",7236,0
"552",7975,0
"553",6348,665
"554",2862,672
"555",6662,63
"556",7339,636
"557",6663,0
"558",6277,70
"559",918,175
"560",179,1021
"561",4723,932
"562",7660,497
"563",6083,98
"564",3610,0
"565",3241,0
"566",4146,217
"567",7338,368
"568",7657,0
"569",7337,224
"570",332,952
"571",6059,15
"572",5118,319
"573",7320,0
"574",7347,378
"575",5724,71
"576",5246,83
"577",7192,0
"578",4471,238
"579",7186,0
"580",7208,0
"581",7328,0
"582",7587,0
"583",7588,0
"584",4345,56
"585",5632,61
"586",5116,62
"587",7487,123
"588",4722,308
"589",5825,91
"590",6881,182
"591",4287,188
"592",8691,150
"593",6209,463
"594",4126,914
"595",4079,340
"596",4534,892
"597",2518,175
"598",1271,34
"599",6654,0
"600",6661,0
"601",6651,0
"602",7334,0
"603",1352,425
"604",5951,0
"605",6175,0
"606",7219,10
"607",2534,70
"608",4782,513
"609",4255,87
"610",4965,98
"611",4904,70
"612",4532,876
"613",713,98
"614",6416,294
"615",5082,154
"616",4511,607
"617",7124,0
"618",7197,0
"619",5467,0
"620",7116,0
"621",2000,448
"622",4692,0
"623",4871,0
"624",2316,343
"625",5707,0
"626",5101,0
"627",2323,447
"628",6448,0
"629",4296,266
"630",2324,343
"631",4107,952
"632",5653,0
"633",5471,0
"634",3367,283
"635",5112,53
"636",5662,0
"637",3297,40
"638",1830,304
"639",6061,439
"640",6818,0
"641",4843,373
"642",4560,5
"643",2310,147
"644",5571,0
"645",4819,0
"646",5162,77
"647",773,462
"648",6946,0
"649",5646,211
"650",5963,442
"651",4238,629
"652",7032,0
"653",6945,0
"654",6177,52
"655",7142,0
"656",1680,385
"657",1730,1051
"658",4354,0
"659",6947,0
"660",5627,47
"661",6744,5
"662",6745,0
"663",6750,5
"664",6202,0
"665",2314,199
"666",5164,71
"667",3555,361
"668",5651,35
"669",4091,161
"670",6944,203
"671",5267,85
"672",991,106
"673",496,288
"674",4244,0
"675",3948,105
"676",5812,540
"677",5925,63
"678",5625,0
"679",3970,875
"680",5848,63
"681",7057,827
"682",6926,0
"683",6761,0
"684",6742,0
"685",6754,0
"686",6748,0
"687",6747,0
"688",7151,0
"689",6658,0
"690",6759,0
"691",6743,0
"692",6753,0
"693",1768,445
"694",1623,0
"695",5843,0
"696",5103,0
"697",4816,0
"698",2800,91
"699",6095,22
"700",6231,22
"701",2394,0
"702",266,0
"703",5882,29
"704",4928,64
"705",5172,0
"706",4242,477
"707",6164,159
"708",2888,176
"709",6021,0
"710",784,0
"711",3795,0
"712",5995,0
"713",2806,1050
"714",6045,5
"715",4275,987
"716",5946,0
"717",6222,0
"718",6572,0
"719",6207,0
"720",4515,0
"721",5887,318
"722",8994,0
"723",5079,0
"724",6051,812
"725",6074,0
"726",5095,24
"727",6056,0
"728",6055,0
"729",6054,0
"730",7017,0
"731",6069,0
"732",6072,0
"733",6057,0
"734",7078,0
"735",6073,0
"736",7016,0
"737",6053,0
"738",6049,0
"739",6048,0
"740",6043,0
"741",6042,0
"742",7018,0
"743",4087,0
"744",5900,23
"745",5309,0
"746",5308,31
"747",5298,31
"748",5304,30
"749",6681,0
"750",5163,0
"751",5623,0
"752",6561,0
"753",4584,77
"754",2786,0
"755",4572,0
"756",5526,0
"757",6693,0
"758",6694,0
"759",253,0
"760",5496,0
"761",5950,203
"762",4152,0
"763",6551,0
"764",4138,0
"765",2106,696
"766",5476,0
"767",1359,572
"768",5117,0
"769",5119,1
"770",5113,1
"771",6401,0
"772",5115,0
"773",5272,34
"774",5890,0
"775",6134,1
"776",6394,0
"777",5539,29
"778",5525,0
"779",6006,0
"780",1468,69
"781",6080,8
"782",5086,0
"783",5098,0
"784",5093,1
"785",5506,572
"786",6243,0
"787",2772,91
"788",3792,0
"789",5080,0
"790",5713,0
"791",3374,161
"792",5633,0
"793",6253,0
"794",6259,0
"795",6255,0
"796",6256,0
"797",5547,27
"798",5171,268
"799",5169,22
"800",5296,0
"801",5661,0
"802",6300,0
"803",4521,510
"804",5129,266
"805",5657,0
"806",5141,364
"807",5960,0
"808",964,238
"809",5301,0
"810",5307,0
"811",5360,0
"812",5302,0
"813",5293,0
"814",5294,0
"815",5300,0
"816",5313,288
"817",5312,0
"818",8787,0
"819",1627,62
"820",5180,0
"821",4059,974
"822",769,383
"823",5190,371
"824",4115,0
"825",5134,0
"826",5917,0
"827",5265,0
"828",5281,0
"829",5338,0
"830",5336,0
"831",5333,0
"832",5041,0
"833",5334,0
"834",2248,91
"835",5776,0
"836",5769,323
"837",5767,0
"838",2384,0
"839",5270,0
"840",5280,0
"841",4726,0
"842",4235,175
"843",4734,0
"844",4729,0
"845",4721,0
"846",2553,224
"847",4070,0
"848",4473,0
"849",5600,0
"850",897,36
"851",3926,0
"852",6194,0
"853",2536,0
"854",6768,479
"855",4949,0
"856",4930,0
"857",4434,25
"858",4427,25
"859",975,97
"860",2793,0
"861",4428,6
"862",2860,0
"863",4430,0
"864",4439,946
"865",4437,0
"866",4447,0
"867",4435,0
"868",4436,0
"869",4442,0
"870",4444,0
"871",4443,336
"872",4426,0
"873",4448,0
"874",4005,0
"875",4446,0
"876",4429,0
"877",4445,0
"878",4440,0
"879",4432,0
"880",4438,351
"881",4290,0
"882",4006,0
"883",4926,27
"884",4678,0
"885",4709,0
"886",4390,0
"887",4199,0
"888",3355,0
"889",1518,238
"890",4646,0
"891",3187,365
"892",4222,0
"893",3994,0
"894",2495,0
"895",4159,0
"896",3990,0
"897",3989,0
"898",4003,0
"899",6142,499
"900",3999,0
"901",4004,0
"902",3997,380
"903",3992,0
"904",4002,0
"905",3995,0
"906",4008,0
"907",4001,0
"908",872,292
"909",4099,0
"910",3649,0
"911",4365,0
"912",4058,0
"913",4117,0
"914",2267,0
"915",4100,0
"916",2219,0
"917",2266,0
"918",2247,126
"919",766,1065
"920",3986,0
"921",3979,0
"922",3791,0
"923",1195,28
"924",4048,0
"925",1299,812
"926",765,279
"927",8513,976
"928",8497,0
"929",3718,0
"930",3714,63
"931",3742,0
"932",3820,0
"933",3929,617
"934",3463,407
"935",3933,8
"936",3460,484
"937",3832,0
"938",3172,407
"939",3533,0
"940",3943,0
"941",2973,353
"942",3922,0
"943",1237,1
"944",3291,0
"945",1205,0
"946",2974,0
"947",2497,83
"948",3828,0
"949",3819,0
"950",3839,0
"951",1206,155
"952",8425,491
"953",2801,0
"954",2792,0
"955",1817,0
"956",1227,0
"957",2220,72
"958",1561,133
"959",1208,63
"960",2251,0
"961",867,80
"962",2252,0
"963",1726,0
"964",1809,0
"965",1840,0
"966",778,152
"967",2239,0
"968",1732,0
"969",2418,0
"970",9572,10958
"971",9870,365
"972",8133,594
"973",11408,0
"974",9195,323
"975",1850,982
"976",11068,119
"977",3532,378
"978",10050,693
"979",11459,0
"980",11719,0
"981",12455,0
"982",11824,515
"983",10020,0
"984",12491,67
"985",9485,392
"986",9321,140
"987",12495,0
"988",12465,0
"989",12799,0
"990",12797,422
"991",11210,63
"992",11992,43
"993",12401,115
"994",12197,0
"995",11831,380
"996",4386,336
"997",12499,110
"998",11463,27
"999",11212,140
"1000",11442,357
"1001",11465,252
"1002",12457,0
"1003",10972,270
"1004",12265,55
"1005",7694,0
"1006",10971,49
"1007",12334,28
"1008",12326,0
"1009",11814,28
"1010",11424,336
"1011",12413,0
"1012",12113,158
"1013",11337,624
"1014",11828,0
"1015",9797,105
"1016",9885,56
"1017",11857,0
"1018",11848,0
"1019",12879,0
"1020",11842,0
"1021",11856,0
"1022",11218,301
"1023",12405,123
"1024",11152,697
"1025",12034,0
"1026",11581,189
"1027",8049,667
"1028",9875,178
"1029",12176,92
"1030",12367,147
"1031",11748,42
"1032",11819,0
"1033",12319,439
"1034",12063,297
"1035",4516,323
"1036",11456,0
"1037",10456,0
"1038",10450,0
"1039",10986,301
"1040",12076,189
"1041",5763,162
"1042",3184,391
"1043",11277,455
"1044",9956,259
"1045",7929,224
"1046",11264,73
"1047",12081,648
"1048",11987,328
"1049",11996,20
"1050",7044,5
"1051",11815,534
"1052",5176,0
"1053",11822,0
"1054",11435,34
"1055",11985,499
"1056",11976,105
"1057",11208,350
"1058",11821,0
"1059",8192,84
"1060",12150,13
"1061",11388,231
"1062",10349,30
"1063",3632,602
"1064",11023,0
"1065",8571,708
"1066",8532,310
"1067",10799,0
"1068",11667,0
"1069",11062,120
"1070",11061,0
"1071",10414,70
"1072",11879,78
"1073",11890,183
"1074",11217,23
"1075",11892,0
"1076",888,14
"1077",11625,22
"1078",11902,521
"1079",11600,433
"1080",11983,0
"1081",1115,0
"1082",11981,0
"1083",11216,20
"1084",505,676
"1085",11067,0
"1086",11073,483
"1087",11271,0
"1088",10760,0
"1089",10423,0
"1090",10758,58
"1091",10575,301
"1092",10574,315
"1093",10410,189
"1094",8503,271
"1095",10762,0
"1096",11884,0
"1097",11702,91
"1098",10820,57
"1099",8521,0
"1100",10446,0
"1101",10990,28
"1102",11284,364
"1103",11044,0
"1104",11895,293
"1105",10077,0
"1106",8925,266
"1107",8927,525
"1108",10842,99
"1109",11439,71
"1110",11888,77
"1111",10412,0
"1112",11313,98
"1113",10428,316
"1114",11834,0
"1115",11820,0
"1116",1355,35
"1117",11448,13
"1118",9880,112
"1119",11751,72
"1120",11731,0
"1121",11737,0
"1122",10918,224
"1123",10415,0
"1124",2663,418
"1125",11273,59
"1126",10409,91
"1127",11599,0
"1128",11262,484
"1129",11261,1
"1130",11266,486
"1131",11190,355
"1132",11297,0
"1133",10413,0
"1134",11263,79
"1135",10417,84
"1136",10421,397
"1137",11394,0
"1138",11648,246
"1139",9901,0
"1140",10781,0
"1141",11638,274
"1142",11375,0
"1143",11722,0
"1144",10304,155
"1145",11024,0
"1146",4156,0
"1147",11373,0
"1148",8923,0
"1149",7890,154
"1150",10453,147
"1151",10997,0
"1152",10454,0
"1153",10984,112
"1154",10434,0
"1155",4368,0
"1156",9878,0
"1157",7445,189
"1158",9649,0
"1159",7476,0
"1160",10060,0
"1161",10061,0
"1162",7180,0
"1163",7700,174
"1164",9786,0
"1165",10860,139
"1166",9505,114
"1167",400,0
"1168",9750,540
"1169",9877,186
"1170",10933,0
"1171",7506,0
"1172",10932,0
"1173",10923,0
"1174",3564,0
"1175",9324,0
"1176",8796,188
"1177",11039,0
"1178",3537,0
"1179",10234,0
"1180",11047,384
"1181",9893,0
"1182",8865,0
"1183",3523,0
"1184",9887,0
"1185",10782,0
"1186",11113,0
"1187",10903,0
"1188",10893,0
"1189",8040,0
"1190",5695,0
"1191",7441,0
"1192",2761,0
"1193",10888,175
"1194",10823,0
"1195",8146,0
"1196",10222,16
"1197",3659,365
"1198",10809,0
"1199",10695,0
"1200",10911,36
"1201",7173,0
"1202",7175,0
"1203",8742,0
"1204",8297,0
"1205",10019,0
"1206",9995,0
"1207",10640,0
"1208",10036,49
"1209",10354,3
"1210",10362,0
"1211",10355,0
"1212",9832,0
"1213",9853,0
"1214",10223,0
"1215",10380,0
"1216",5930,175
"1217",8498,161
"1218",6823,0
"1219",10170,0
"1220",10180,0
"1221",3196,613
"1222",10165,0
"1223",10172,0
"1224",9830,0
"1225",9577,0
"1226",9584,0
"1227",7926,360
"1228",8703,0
"1229",8710,0
"1230",9325,0
"1231",7543,28
"1232",9517,0
"1233",9567,0
"1234",8689,0
"1235",4474,0
"1236",9320,0
"1237",9904,0
"1238",9848,0
"1239",9866,0
"1240",9868,0
"1241",9855,0
"1242",9861,0
"1243",8997,0
"1244",7842,0
"1245",8989,0
"1246",8991,0
"1247",9856,0
"1248",9860,0
"1249",7941,0
"1250",9274,0
"1251",9280,0
"1252",9703,0
"1253",9740,0
"1254",2088,0
"1255",4697,0
"1256",7795,0
"1257",9826,0
"1258",9193,0
"1259",6413,0
"1260",8759,0
"1261",7940,0
"1262",8987,0
"1263",5789,0
"1264",7417,0
"1265",8709,0
"1266",2736,0
"1267",9206,0
"1268",8731,0
"1269",7851,0
"1270",8137,0
"1271",8934,0
"1272",8179,0
"1273",5061,0
"1274",11267,0
"1275",10416,317
"1276",14879,0
"1277",15309,128
"1278",15423,63
"1279",14447,147
"1280",12978,407
"1281",15470,0
"1282",14097,126
"1283",15351,0
"1284",15463,384
"1285",3466,575
"1286",14895,462
"1287",11079,175
"1288",14076,346
"1289",14951,301
"1290",11428,218
"1291",14970,246
"1292",14131,34
"1293",15442,161
"1294",14859,125
"1295",15283,0
"1296",15287,0
"1297",15277,0
"1298",15429,0
"1299",14497,66
"1300",9959,98
"1301",15307,0
"1302",15030,0
"1303",15504,0
"1304",15027,0
"1305",14857,168
"1306",7928,95
"1307",14851,35
"1308",13475,241
"1309",12960,260
"1310",14548,351
"1311",14052,0
"1312",11780,112
"1313",7706,0
"1314",15068,121
"1315",11342,140
"1316",12327,566
"1317",12694,517
"1318",14460,36
"1319",14999,28
"1320",11387,82
"1321",14766,0
"1322",15374,227
"1323",15387,0
"1324",14747,336
"1325",14326,0
"1326",14778,112
"1327",12807,432
"1328",14750,111
"1329",14656,0
"1330",14420,91
"1331",15385,209
"1332",15086,112
"1333",12118,316
"1334",12120,105
"1335",15371,0
"1336",15131,168
"1337",10346,0
"1338",12809,322
"1339",15088,23
"1340",14655,0
"1341",13453,287
"1342",12989,105
"1343",14776,0
"1344",14761,0
"1345",12427,70
"1346",15365,0
"1347",14943,279
"1348",15386,0
"1349",15367,211
"1350",14210,0
"1351",14214,274
"1352",14219,0
"1353",15087,171
"1354",12078,147
"1355",12318,0
"1356",14454,0
"1357",15085,0
"1358",14771,0
"1359",14723,0
"1360",14977,0
"1361",15108,182
"1362",14965,148
"1363",12878,520
"1364",12800,93
"1365",14972,422
"1366",14629,139
"1367",14767,0
"1368",15146,0
"1369",14753,336
"1370",14782,119
"1371",15377,217
"1372",13952,0
"1373",13947,21
"1374",12896,91
"1375",10467,31
"1376",9898,121
"1377",15399,0
"1378",15218,0
"1379",13116,0
"1380",14458,0
"1381",14810,300
"1382",14059,11
"1383",13433,0
"1384",14490,0
"1385",14758,0
"1386",15344,335
"1387",12409,63
"1388",13727,0
"1389",14781,288
"1390",15089,350
"1391",15056,0
"1392",14746,0
"1393",15077,302
"1394",14755,0
"1395",14790,0
"1396",12874,321
"1397",14770,0
"1398",12806,71
"1399",12811,0
"1400",12888,315
"1401",12866,421
"1402",14700,0
"1403",14754,125
"1404",14759,125
"1405",12876,441
"1406",14912,308
"1407",14515,0
"1408",14450,27
"1409",12898,345
"1410",14805,0
"1411",13733,0
"1412",13427,0
"1413",15193,189
"1414",14544,0
"1415",8524,445
"1416",14440,0
"1417",14058,0
"1418",11219,91
"1419",15188,0
"1420",11721,114
"1421",14867,0
"1422",14865,0
"1423",14849,0
"1424",14913,2
"1425",13744,0
"1426",12993,78
"1427",13618,316
"1428",14298,1
"1429",13979,0
"1430",14717,280
"1431",13971,0
"1432",13999,118
"1433",14702,0
"1434",12696,0
"1435",14359,420
"1436",14763,358
"1437",12865,106
"1438",13944,0
"1439",14203,0
"1440",13903,0
"1441",13329,0
"1442",14930,0
"1443",14703,0
"1444",14839,0
"1445",14049,8
"1446",14197,160
"1447",12468,96
"1448",14064,0
"1449",14421,0
"1450",14436,0
"1451",10904,0
"1452",11335,63
"1453",12425,49
"1454",12074,214
"1455",13841,239
"1456",13757,29
"1457",14200,0
"1458",14552,0
"1459",47,257
"1460",11211,28
"1461",14663,22
"1462",12315,153
"1463",12317,105
"1464",12758,63
"1465",14442,0
"1466",14514,0
"1467",12321,307
"1468",12320,310
"1469",13806,596
"1470",14034,0
"1471",8722,43
"1472",14445,0
"1473",14452,0
"1474",13657,0
"1475",13654,350
"1476",14056,12
"1477",10464,0
"1478",12431,434
"1479",11099,0
"1480",11100,189
"1481",13418,154
"1482",11684,175
"1483",13494,0
"1484",13415,0
"1485",11082,154
"1486",14553,119
"1487",13414,361
"1488",13884,385
"1489",10730,0
"1490",13638,665
"1491",14263,2
"1492",13673,2
"1493",14119,0
"1494",13052,267
"1495",13736,596
"1496",13867,1
"1497",13603,1
"1498",14046,0
"1499",14206,0
"1500",14029,0
"1501",14150,0
"1502",14082,224
"1503",14257,385
"1504",14153,0
"1505",14009,0
"1506",14258,0
"1507",13882,596
"1508",13791,0
"1509",14160,0
"1510",14116,385
"1511",13604,385
"1512",14152,0
"1513",14117,0
"1514",14026,0
"1515",14205,0
"1516",14151,0
"1517",13963,0
"1518",13664,0
"1519",14002,0
"1520",14000,0
"1521",13606,0
"1522",14185,0
"1523",14017,0
"1524",13722,596
"1525",14176,0
"1526",13866,0
"1527",14168,0
"1528",13984,0
"1529",14413,0
"1530",14120,0
"1531",14011,0
"1532",14242,385
"1533",14037,0
"1534",14156,0
"1535",14380,224
"1536",13868,0
"1537",14161,0
"1538",13607,0
"1539",13985,385
"1540",14180,0
"1541",14018,0
"1542",13831,0
"1543",14241,294
"1544",14177,0
"1545",14016,0
"1546",13825,394
"1547",12608,660
"1548",14015,0
"1549",14178,578
"1550",13981,0
"1551",14174,0
"1552",13986,0
"1553",14157,596
"1554",14114,0
"1555",13880,0
"1556",14019,0
"1557",14158,0
"1558",13865,0
"1559",14149,0
"1560",14038,0
"1561",14148,0
"1562",14785,422
"1563",13714,0
"1564",13779,0
"1565",14518,193
"1566",14525,0
"1567",13793,0
"1568",13927,134
"1569",13912,0
"1570",13899,0
"1571",13781,0
"1572",13763,0
"1573",13780,0
"1574",11058,0
"1575",12514,41
"1576",12466,0
"1577",13341,399
"1578",10253,0
"1579",12040,0
"1580",11708,0
"1581",10763,0
"1582",13181,0
"1583",10732,590
"1584",12923,0
"1585",13409,0
"1586",15169,0
"1587",14620,0
"1588",12252,0
"1589",13026,0
"1590",12901,37
"1591",10934,0
"1592",8672,0
"1593",12458,32
"1594",12117,0
"1595",13340,0
"1596",13331,0
"1597",11993,0
"1598",12406,33
"1599",12456,0
"1600",7870,12
"1601",12997,0
"1602",12873,0
"1603",12511,45
"1604",13003,0
"1605",12916,0
"1606",13001,0
"1607",13045,0
"1608",12877,0
"1609",12795,203
"1610",12128,203
"1611",12745,0
"1612",13057,0
"1613",13048,0
"1614",12793,0
"1615",7704,470
"1616",13040,0
"1617",12171,0
"1618",12312,0
"1619",11823,56
"1620",12346,0
"1621",12342,295
"1622",12354,0
"1623",12706,0
"1624",12423,0
"1625",12072,0
"1626",11001,0
"1627",12648,0
"1628",13445,0
"1629",13918,0
"1630",16901,231
"1631",19026,273
"1632",19139,0
"1633",19003,280
"1634",19107,4
"1635",17987,119
"1636",19159,1
"1637",19214,7
"1638",18932,0
"1639",18919,0
"1640",19065,224
"1641",18439,60
"1642",18425,0
"1643",18909,104
"1644",4374,205
"1645",739,0
"1646",18417,0
"1647",18841,0
"1648",19130,0
"1649",19163,146
"1650",18789,0
"1651",19011,2
"1652",18851,1
"1653",19013,314
"1654",19154,335
"1655",18927,4
"1656",18817,9
"1657",19099,312
"1658",19136,0
"1659",19134,0
"1660",18882,0
"1661",18791,5
"1662",16957,185
"1663",18801,0
"1664",19032,9
"1665",18924,0
"1666",19137,0
"1667",19201,93
"1668",18850,5
"1669",19135,0
"1670",18832,0
"1671",17322,237
"1672",17981,290
"1673",19022,1
"1674",18798,0
"1675",18891,15
"1676",15891,177
"1677",18945,98
"1678",16847,0
"1679",17798,259
"1680",17821,52
"1681",17934,103
"1682",18790,0
"1683",18747,1
"1684",18753,0
"1685",18868,0
"1686",18026,150
"1687",17329,0
"1688",18854,0
"1689",16889,338
"1690",19036,545
"1691",18045,270
"1692",18353,312
"1693",19024,156
"1694",18344,175
"1695",16990,87
"1696",16511,245
"1697",18342,214
"1698",19004,0
"1699",18377,0
"1700",18762,30
"1701",18931,1
"1702",13861,28
"1703",18925,0
"1704",19010,142
"1705",16994,92
"1706",16991,84
"1707",18923,0
"1708",16992,84
"1709",11390,146
"1710",16905,210
"1711",18515,0
"1712",11878,0
"1713",18809,51
"1714",16896,207
"1715",18922,0
"1716",17208,105
"1717",16922,211
"1718",17659,208
"1719",19012,129
"1720",18834,0
"1721",11206,125
"1722",17982,132
"1723",19009,0
"1724",17574,281
"1725",18085,0
"1726",17937,156
"1727",17576,276
"1728",17792,0
"1729",17969,252
"1730",16850,26
"1731",17959,190
"1732",18100,0
"1733",18094,63
"1734",16898,0
"1735",18360,0
"1736",17802,119
"1737",18097,0
"1738",18264,93
"1739",16983,0
"1740",16376,79
"1741",18067,74
"1742",11954,8
"1743",18810,47
"1744",15447,456
"1745",16890,0
"1746",17995,93
"1747",17643,0
"1748",17332,28
"1749",17709,182
"1750",17977,345
"1751",17932,117
"1752",18624,0
"1753",18560,0
"1754",18630,0
"1755",18714,0
"1756",18619,0
"1757",18576,0
"1758",18667,0
"1759",18622,0
"1760",18525,0
"1761",18631,0
"1762",18650,0
"1763",18616,0
"1764",18532,0
"1765",18607,0
"1766",18558,0
"1767",18537,0
"1768",18655,0
"1769",18617,0
"1770",18715,0
"1771",18605,0
"1772",18599,0
"1773",18618,0
"1774",18669,0
"1775",18612,0
"1776",18587,0
"1777",18643,0
"1778",18610,0
"1779",18639,0
"1780",18543,0
"1781",18635,0
"1782",18597,0
"1783",18711,0
"1784",18553,0
"1785",18591,0
"1786",18541,0
"1787",18637,0
"1788",18642,0
"1789",18579,0
"1790",18548,0
"1791",18569,0
"1792",18608,0
"1793",15888,124
"1794",18105,0
"1795",17822,7
"1796",17806,0
"1797",17743,35
"1798",17633,0
"1799",12170,527
"1800",18212,0
"1801",17280,0
"1802",18179,99
"1803",15465,200
"1804",11336,378
"1805",17712,0
"1806",17713,113
"1807",17005,0
"1808",16512,406
"1809",17938,361
"1810",17761,119
"1811",18025,0
"1812",18000,15
"1813",17935,246
"1814",16846,322
"1815",17678,0
"1816",17244,21
"1817",16306,0
"1818",17034,35
"1819",17261,50
"1820",5544,105
"1821",17234,224
"1822",17420,36
"1823",16297,70
"1824",17246,21
"1825",16257,70
"1826",17050,0
"1827",16298,70
"1828",16478,210
"1829",18126,0
"1830",18121,0
"1831",17750,0
"1832",17956,0
"1833",12509,195
"1834",17979,0
"1835",17575,100
"1836",17936,160
"1837",16949,245
"1838",16927,3
"1839",18211,0
"1840",16842,7
"1841",17644,0
"1842",12338,189
"1843",17003,0
"1844",17751,176
"1845",17949,179
"1846",17646,48
"1847",17971,372
"1848",18004,0
"1849",17926,0
"1850",17968,0
"1851",18018,161
"1852",17829,372
"1853",18008,0
"1854",18002,372
"1855",17884,0
"1856",17663,0
"1857",18009,372
"1858",18012,0
"1859",17647,377
"1860",18006,0
"1861",17529,0
"1862",18155,423
"1863",18233,168
"1864",17823,0
"1865",10289,372
"1866",13828,161
"1867",17925,372
"1868",18010,0
"1869",18007,0
"1870",17998,161
"1871",17990,0
"1872",17887,0
"1873",17683,0
"1874",17049,0
"1875",9315,0
"1876",17673,0
"1877",15632,0
"1878",15469,0
"1879",16475,49
"1880",15476,0
"1881",17033,36
"1882",16288,85
"1883",17680,0
"1884",16749,23
"1885",16468,0
"1886",16690,0
"1887",16770,0
"1888",15310,0
"1889",17358,0
"1890",10244,0
"1891",10251,0
"1892",11584,4
"1893",15305,0
"1894",15581,0
"1895",17826,309
"1896",15580,0
"1897",15635,0
"1898",16170,35
"1899",16171,58
"1900",16997,50
"1901",17036,22
"1902",16168,63
"1903",15578,0
"1904",16245,413
"1905",16808,78
"1906",16359,71
"1907",16699,14
"1908",11583,0
"1909",15579,0
"1910",7678,0
"1911",16377,0
"1912",15637,21
"1913",17398,0
"1914",16658,0
"1915",16644,0
"1916",16769,0
"1917",14201,0
"1918",11797,264
"1919",16215,0
"1920",17166,0
"1921",17193,0
"1922",17186,0
"1923",17175,0
"1924",17202,0
"1925",17174,0
"1926",17206,0
"1927",17189,0
"1928",17181,0
"1929",17183,0
"1930",17172,0
"1931",17159,0
"1932",16923,0
"1933",14752,0
"1934",16498,0
"1935",16993,0
"1936",15381,0
"1937",16904,0
"1938",16907,0
"1939",11084,21
"1940",15373,0
"1941",16924,0
"1942",17115,0
"1943",17108,0
"1944",17528,0
"1945",17142,0
"1946",14814,0
"1947",17118,0
"1948",17124,0
"1949",17113,0
"1950",17114,0
"1951",15804,0
"1952",17119,0
"1953",17110,0
"1954",16908,0
"1955",16899,212
"1956",16274,0
"1957",17264,0
"1958",16204,155
"1959",16246,18
"1960",16678,21
"1961",16900,0
"1962",15939,0
"1963",16442,0
"1964",16446,0
"1965",14361,184
"1966",7245,147
"1967",14959,0
"1968",16402,0
"1969",16165,0
"1970",11917,257
"1971",16263,36
"1972",13352,0
"1973",16703,1
"1974",16395,0
"1975",11083,0
"1976",16664,1
"1977",10471,0
"1978",10474,0
"1979",15773,0
"1980",16561,0
"1981",16548,0
"1982",14313,0
"1983",16591,0
"1984",16562,0
"1985",17836,0
"1986",16601,0
"1987",16567,0
"1988",15943,0
"1989",15945,0
"1990",15431,0
"1991",16558,0
"1992",15938,0
"1993",15932,0
"1994",15704,0
"1995",14441,0
"1996",14491,0
"1997",15617,0
"1998",15619,0
"1999",16141,0
"2000",14449,0
"2001",15608,0
"2002",11063,0
"2003",15464,288
"2004",14078,3
"2005",5138,0
"2006",14665,0
"2007",19749,0
"2008",19730,70
"2009",20191,44
"2010",20230,83
"2011",19686,165
"2012",19639,221
"2013",19886,44
"2014",19687,222
"2015",19739,193
"2016",19638,94
"2017",19290,235
"2018",19527,70
"2019",12328,128
"2020",20200,91
"2021",19977,32
"2022",19731,161
"2023",20316,0
"2024",20222,119
"2025",19980,35
"2026",19979,114
"2027",19656,145
"2028",19081,147
"2029",19751,351
"2030",18704,66
"2031",15281,0
"2032",20124,0
"2033",20103,0
"2034",18356,73
"2035",19353,244
"2036",19642,57
"2037",20089,0
"2038",13103,65
"2039",19736,68
"2040",19723,98
"2041",17814,288
"2042",20272,156
"2043",290,0
"2044",20205,0
"2045",19315,42
"2046",19815,156
"2047",18355,182
"2048",19866,104
"2049",19737,35
"2050",19930,0
"2051",19931,0
"2052",19929,0
"2053",19296,226
"2054",16943,252
"2055",18903,133
"2056",18235,0
"2057",19289,91
"2058",19960,0
"2059",4760,21
"2060",19088,0
"2061",19528,10
"2062",20119,6
"2063",19477,189
"2064",18223,0
"2065",19780,0
"2066",19783,0
"2067",17685,0
"2068",20040,182
"2069",19281,65
"2070",19170,114
"2071",17583,99
"2072",19661,0
"2073",17695,0
"2074",19532,17
"2075",19634,29
"2076",19171,97
"2077",19676,0
"2078",18088,42
"2079",18101,105
"2080",19566,194
"2081",19949,0
"2082",19181,92
"2083",19308,65
"2084",19831,208
"2085",17807,211
"2086",19826,210
"2087",18738,216
"2088",19791,1
"2089",19919,0
"2090",19936,0
"2091",19942,0
"2092",19655,0
"2093",19583,0
"2094",19580,0
"2095",19857,0
"2096",17882,0
"2097",14365,0
"2098",19985,0
"2099",19807,0
"2100",19802,0
"2101",14181,0
"2102",19888,0
"2103",19588,211
"2104",17013,0
"2105",19852,0
"2106",19854,211
"2107",19832,0
"2108",19986,210
"2109",19745,207
"2110",19943,0
"2111",19793,211
"2112",19646,211
"2113",19585,0
"2114",19874,213
"2115",19843,0
"2116",19636,0
"2117",19873,0
"2118",19855,0
"2119",19771,0
"2120",19768,0
"2121",19777,0
"2122",19759,0
"2123",19770,0
"2124",19774,0
"2125",19740,0
"2126",17328,0
"2127",19516,0
"2128",19376,0
"2129",17794,0
"2130",19165,124
"2131",19092,0
"2132",19093,28
"2133",18091,0
"2134",17939,92
"2135",19285,0
"2136",16677,221
"2137",19195,289
"2138",18679,0
"2139",19409,10
"2140",17636,0
"2141",17638,0
"2142",19074,0
"2143",18177,0
"2144",19384,0
"2145",19387,0
"2146",19398,0
"2147",19397,0
"2148",19412,0
"2149",19407,0
"2150",19420,0
"2151",19419,0
"2152",19418,0
"2153",19413,0
"2154",19383,0
"2155",19426,0
"2156",19465,0
"2157",19394,0
"2158",18228,0
"2159",7184,0
"2160",18089,35
"2161",19275,0
"2162",17014,0
"2163",17816,0
"2164",16860,183
"2165",18811,30
"2166",19237,0
"2167",18706,0
"2168",19079,0
"2169",16556,52
"2170",19255,0
"2171",10648,0
"2172",19085,0
"2173",19091,0
"2174",19187,0
"2175",18346,0
"2176",19236,587
"2177",19033,0
"2178",18345,0
"2179",18947,0
"2180",19038,0
"2181",17714,0
"2182",16713,0
"2183",18207,0
"2184",17038,21
"2185",14725,0
"2186",16946,0
"2187",19169,0
"2188",19957,0
"2189",19878,0
"2190",21296,0
"2191",21508,6
"2192",20448,63
"2193",20599,91
"2194",21603,2
"2195",21339,0
"2196",21478,0
"2197",21448,0
"2198",21476,0
"2199",21502,0
"2200",21381,0
"2201",21342,0
"2202",21595,0
"2203",21392,0
"2204",21610,0
"2205",21572,0
"2206",21536,0
"2207",21539,0
"2208",21562,0
"2209",21469,0
"2210",21497,0
"2211",21452,0
"2212",21450,0
"2213",21399,0
"2214",21499,0
"2215",19178,307
"2216",21541,0
"2217",21526,0
"2218",21385,0
"2219",21543,0
"2220",21561,0
"2221",21340,0
"2222",21472,0
"2223",21460,0
"2224",21455,0
"2225",21542,0
"2226",21589,0
"2227",21475,0
"2228",21513,0
"2229",17662,4
"2230",21596,0
"2231",21446,0
"2232",21503,0
"2233",21338,0
"2234",21384,0
"2235",21527,0
"2236",21451,0
"2237",21482,0
"2238",21532,0
"2239",21573,0
"2240",21519,1
"2241",21507,0
"2242",21509,0
"2243",21511,0
"2244",21521,0
"2245",21389,0
"2246",20446,112
"2247",21489,0
"2248",21518,0
"2249",21597,0
"2250",21666,0
"2251",20686,0
"2252",19587,0
"2253",9306,0
"2254",21428,0
"2255",21584,0
"2256",21427,0
"2257",19981,0
"2258",20550,63
"2259",20532,82
"2260",20007,327
"2261",20876,31
"2262",20221,62
"2263",20848,0
"2264",20632,62
"2265",19506,0
"2266",20946,0
"2267",20402,121
"2268",20523,52
"2269",17517,30
"2270",20321,120
"2271",20644,0
"2272",20375,6
"2273",20371,0
"2274",20259,84
"2275",20447,51
"2276",20374,6
"2277",20376,1
"2278",20361,4
"2279",20559,0
"2280",19537,0
"2281",12056,0
"2282",17571,68
"2283",20042,0
"2284",20359,28
"2285",20428,0
"2286",20630,0
"2287",21383,0
"2288",20585,1
"2289",20445,0
"2290",20333,0
"2291",20499,0
